{"charity":{"0":"Marion la main tendue","1":"Marion la main tendue","2":"Marion la main tendue","3":"Marion la main tendue","4":"En avant toutes","5":"En avant toutes","6":"En avant toutes","7":"En avant toutes","8":"NightLine","9":"NightLine","10":"NightLine","11":"NightLine","12":"Acadia","13":"Acadia","14":"Acadia","15":"Acadia"},"choice":{"0":"Choice 1","1":"Choice 2","2":"Choice 3","3":"Choice 4","4":"Choice 1","5":"Choice 2","6":"Choice 3","7":"Choice 4","8":"Choice 1","9":"Choice 2","10":"Choice 3","11":"Choice 4","12":"Choice 1","13":"Choice 2","14":"Choice 3","15":"Choice 4"},"count":{"0":69,"1":64,"2":36,"3":31,"4":53,"5":55,"6":51,"7":41,"8":29,"9":53,"10":63,"11":55,"12":49,"13":28,"14":50,"15":73},"median":{"0":2.0,"1":2.0,"2":2.0,"3":2.0,"4":2.0,"5":2.0,"6":2.0,"7":2.0,"8":3.0,"9":3.0,"10":3.0,"11":3.0,"12":3.0,"13":3.0,"14":3.0,"15":3.0},"total":{"0":200,"1":200,"2":200,"3":200,"4":200,"5":200,"6":200,"7":200,"8":200,"9":200,"10":200,"11":200,"12":200,"13":200,"14":200,"15":200},"half":{"0":100,"1":100,"2":100,"3":100,"4":100,"5":100,"6":100,"7":100,"8":100,"9":100,"10":100,"11":100,"12":100,"13":100,"14":100,"15":100},"median_count":{"0":64,"1":64,"2":64,"3":64,"4":55,"5":55,"6":55,"7":55,"8":63,"9":63,"10":63,"11":63,"12":50,"13":50,"14":50,"15":50},"median_count_half":{"0":32,"1":32,"2":32,"3":32,"4":48,"5":48,"6":48,"7":48,"8":19,"9":19,"10":19,"11":19,"12":24,"13":24,"14":24,"15":24},"median_percent":{"0":0.5,"1":0.5,"2":0.5,"3":0.5,"4":0.8727272727,"5":0.8727272727,"6":0.8727272727,"7":0.8727272727,"8":0.3015873016,"9":0.3015873016,"10":0.3015873016,"11":0.3015873016,"12":0.48,"13":0.48,"14":0.48,"15":0.48}}
